{
  "project_info": {
    "project_number": "205772245476",
    "project_id": "notify-8335c",
    "storage_bucket": "notify-8335c.appspot.com"
  },
  "client": [
    {
      "client_info": {
        "mobilesdk_app_id": "1:205772245476:android:c0fd13edbc05ead4c7dff1",
        "android_client_info": {
          "package_name": "com.example.notificationsystem"
        }
      },
      "oauth_client": [
        {
          "client_id": "205772245476-p2giioaceh9l3onhbgee16ujlnt5qjfs.apps.googleusercontent.com",
          "client_type": 3
        }
      ],
      "api_key": [
        {
          "current_key": "AIzaSyAFPmmQBUK3tDSZzVnNQ6VHwI0333yLUMM"
        }
      ],
      "services": {
        "appinvite_service": {
          "other_platform_oauth_client": [
            {
              "client_id": "205772245476-p2giioaceh9l3onhbgee16ujlnt5qjfs.apps.googleusercontent.com",
              "client_type": 3
            }
          ]
        }
      }
    }
  ],
  "configuration_version": "1"
}